Workbook

Sheet Dashboard
A1: HR Analytics Dashboard
A2: All figures are formulas linked to the data sheets. Sample data shown.
A4: Workforce | B4: Value | D4: Hiring Pipeline (Stage) | E4: Candidates | G4: Attendance Trend | H4: Avg Attendance %
A5: Active headcount | B5: =COUNTIF(Employees!$F$2:$F$60,"Active") -> 10 | D5: Applied | E5: =COUNTIF(Candidates!$E$2:$E$60,D5) -> 3 | G5: 2026-07 | H5: =IFERROR(AVERAGEIFS(Attendance!$F$2:$F$90,Attendance!$B$2:$B$90,G5),0) -> 0.94347826
A6: Resigned | B6: =COUNTIF(Employees!$F$2:$F$60,"Resigned") -> 2 | D6: Screening | E6: =COUNTIF(Candidates!$E$2:$E$60,D6) -> 3 | G6: 2026-08 | H6: =IFERROR(AVERAGEIFS(Attendance!$F$2:$F$90,Attendance!$B$2:$B$90,G6),0) -> 0.95714286
A7: Attrition % (Resigned / total) | B7: =IFERROR(B6/(B5+B6),0) -> 0.16666667 | D7: Interview | E7: =COUNTIF(Candidates!$E$2:$E$60,D7) -> 3 | G7: 2026-09 | H7: =IFERROR(AVERAGEIFS(Attendance!$F$2:$F$90,Attendance!$B$2:$B$90,G7),0) -> 0.96363636
A8: Avg monthly CTC - active (INR) | B8: =IFERROR(AVERAGEIFS(Employees!$H$2:$H$60,Employees!$F$2:$F$60,"Active"),0) -> 36100 | D8: Offer | E8: =COUNTIF(Candidates!$E$2:$E$60,D8) -> 2
D9: Joined | E9: =COUNTIF(Candidates!$E$2:$E$60,D9) -> 2 | G9: Overall | H9: =IFERROR(AVERAGE(Attendance!$F$2:$F$90),0) -> 0.95475249
A10: Headcount by Department (Active) | B10: Count | D10: Rejected | E10: =COUNTIF(Candidates!$E$2:$E$60,D10) -> 2
A11: HR | B11: =COUNTIFS(Employees!$C$2:$C$60,A11,Employees!$F$2:$F$60,"Active") -> 3 | D11: Total candidates | E11: =SUM(E5:E10) -> 15 | G11: Onboarding & Payroll Quality | H11: Value
A12: Sales | B12: =COUNTIFS(Employees!$C$2:$C$60,A12,Employees!$F$2:$F$60,"Active") -> 2 | D12: Hire conversion (Joined / Total) | E12: =IFERROR(E9/E11,0) -> 0.13333333 | G12: Avg onboarding completion | H12: =IFERROR(AVERAGE(Onboarding!$H$2:$H$60),0) -> 0.76
A13: Engineering | B13: =COUNTIFS(Employees!$C$2:$C$60,A13,Employees!$F$2:$F$60,"Active") -> 2 | G13: Payroll rows checked | H13: =SUMPRODUCT((Payroll_Input!$I$2:$I$60<>"")*1) -> 14
A14: Finance | B14: =COUNTIFS(Employees!$C$2:$C$60,A14,Employees!$F$2:$F$60,"Active") -> 2 | G14: Payroll rows flagged | H14: =SUMPRODUCT((Payroll_Input!$I$2:$I$60<>"OK")*(Payroll_Input!$I$2:$I$60<>"")) -> 5
A15: Operations | B15: =COUNTIFS(Employees!$C$2:$C$60,A15,Employees!$F$2:$F$60,"Active") -> 1 | G15: Payroll error rate | H15: =IFERROR(H14/H13,0) -> 0.35714286

Sheet README
A1: HR Analytics & Employee Records Dashboard
A3: HOW TO USE
A4: 1. Yellow cells are inputs - type or paste your data there. White cells with formulas calculate automatically.
A5: 2. Sheets: Employees, Candidates, Onboarding, Attendance, Payroll_Input -> all feed the Dashboard sheet.
A6: 3. Drop-down lists and number/date rules stop invalid entries (e.g. a wrong Status or a negative salary).
A7: 4. Payroll_Input column I flags problems: missing data, unknown employee, duplicate, deductions above gross, low basic %.
A8: 5. Formulas are pre-filled to row 60 on each sheet, so you can add rows without copying formulas.
A10: ASSUMPTIONS
A11: - All names, amounts and dates are SAMPLE data created for demonstration. Replace with real data.
A12: - Minimum Basic % of gross is a company-policy setting (Settings!B2, default 40%). Change it to match your policy.
A13: - Last 4 rows of Payroll_Input are deliberate test cases (see Note column) to show the validation. Delete before real use.
A14: - Attrition % = Resigned / (Active + Resigned) in this file's data. It is a simple point-in-time ratio, not an annualised rate.
A15: - Keep personal data (PAN, bank account numbers, Aadhaar) OUT of this file; use your HRMS/payroll system for those.

Sheet Employees
A1: Emp ID | B1: Employee Name | C1: Department | D1: Designation | E1: Join Date | F1: Status | G1: Exit Date | H1: Monthly CTC (INR)
A2: EMP001 | B2: Aarav Menon | C2: HR | D2: HR Executive | E2: 45446 | F2: Active | H2: 32000
A3: EMP002 | B3: Divya Raman | C3: Sales | D3: Sales Associate | E3: 45516 | F3: Active | H3: 28000
A4: EMP003 | B4: Karthik S | C4: Engineering | D4: Software Engineer | E4: 45537 | F4: Active | H4: 55000
A5: EMP004 | B5: Meera Nair | C5: Finance | D5: Accounts Executive | E5: 45663 | F5: Active | H5: 36000
A6: EMP005 | B6: Rohan Das | C6: Operations | D6: Operations Associate | E6: 45705 | F6: Resigned | G6: 46173 | H6: 30000
A7: EMP006 | B7: Sneha Iyer | C7: HR | D7: Payroll Associate | E7: 45754 | F7: Active | H7: 34000
A8: EMP007 | B8: Vikram Patel | C8: Sales | D8: Sales Executive | E8: 45839 | F8: Resigned | G8: 46112 | H8: 31000
A9: EMP008 | B9: Anjali Rao | C9: Engineering | D9: QA Engineer | E9: 46034 | F9: Active | H9: 42000
A10: EMP009 | B10: Harish K | C10: Operations | D10: Operations Associate | E10: 46055 | F10: Active | H10: 29000
A11: EMP010 | B11: Pooja Verma | C11: Finance | D11: Finance Analyst | E11: 46097 | F11: Active | H11: 45000
A12: EMP011 | B12: Naveen T | C12: Sales | D12: Sales Associate | E12: 46174 | F12: Active | H12: 27000
A13: EMP012 | B13: Lakshmi P | C13: HR | D13: Talent Acquisition Associate | E13: 46209 | F13: Active | H13: 33000

Sheet Candidates
A1: Candidate ID | B1: Candidate Name | C1: Position Applied | D1: Source | E1: Stage | F1: Applied Date | G1: Recruiter
A2: C001 | B2: Ishaan Kumar | C2: HR Executive | D2: LinkedIn | E2: Joined | F2: 46146 | G2: Lakshmi P
A3: C002 | B3: Tanya Singh | C3: Sales Associate | D3: Naukri | E3: Joined | F3: 46152 | G3: Lakshmi P
A4: C003 | B4: Arjun V | C4: Software Engineer | D4: Referral | E4: Offer | F4: 46236 | G4: Aarav Menon
A5: C004 | B5: Nisha B | C5: Payroll Associate | D5: LinkedIn | E5: Interview | F5: 46248 | G5: Lakshmi P
A6: C005 | B6: Farhan Ali | C6: Sales Executive | D6: Naukri | E6: Rejected | F6: 46252 | G6: Aarav Menon
A7: C006 | B7: Gayathri M | C7: Finance Analyst | D7: Campus | E7: Screening | F7: 46266 | G7: Lakshmi P
A8: C007 | B8: Ramesh G | C8: QA Engineer | D8: Referral | E8: Interview | F8: 46268 | G8: Aarav Menon
A9: C008 | B9: Swathi R | C9: HR Executive | D9: LinkedIn | E9: Applied | F9: 46275 | G9: Lakshmi P
A10: C009 | B10: Dev Malhotra | C10: Operations Associate | D10: Naukri | E10: Rejected | F10: 46277 | G10: Aarav Menon
A11: C010 | B11: Preethi S | C11: Sales Associate | D11: Campus | E11: Screening | F11: 46280 | G11: Lakshmi P
A12: C011 | B12: Yusuf Khan | C12: Software Engineer | D12: LinkedIn | E12: Applied | F12: 46285 | G12: Aarav Menon
A13: C012 | B13: Bhavna J | C13: Talent Acquisition Associate | D13: Referral | E13: Offer | F13: 46287 | G13: Lakshmi P
... A16: C015 | B16: Mohan Raj | C16: Operations Associate | D16: LinkedIn | E16: Screening | F16: 46296 | G16: Lakshmi P

Sheet Onboarding
A1: Emp ID | B1: Employee Name | C1: Offer Letter Signed | D1: Documents Collected | E1: System/ID Created | F1: Induction Done | G1: Policies Acknowledged | H1: Completion %
A2: EMP008 | B2: Anjali Rao | C2: Yes | D2: Yes | E2: Yes | F2: Yes | G2: Yes | H2: =IF(A2="","",COUNTIF(C2:G2,"Yes")/COLUMNS(C2:G2)) -> 1
A3: EMP009 | B3: Harish K | C3: Yes | D3: Yes | E3: Yes | F3: Yes | G3: Yes | H3: =IF(A3="","",COUNTIF(C3:G3,"Yes")/COLUMNS(C3:G3)) -> 1
A4: EMP010 | B4: Pooja Verma | C4: Yes | D4: Yes | E4: Yes | F4: Yes | G4: No | H4: =IF(A4="","",COUNTIF(C4:G4,"Yes")/COLUMNS(C4:G4)) -> 0.8
A5: EMP011 | B5: Naveen T | C5: Yes | D5: Yes | E5: Yes | F5: No | G5: No | H5: =IF(A5="","",COUNTIF(C5:G5,"Yes")/COLUMNS(C5:G5)) -> 0.6
A6: EMP012 | B6: Lakshmi P | C6: Yes | D6: Yes | E6: No | F6: No | G6: No | H6: =IF(A6="","",COUNTIF(C6:G6,"Yes")/COLUMNS(C6:G6)) -> 0.4
H7: =IF(A7="","",COUNTIF(C7:G7,"Yes")/COLUMNS(C7:G7))
H8: =IF(A8="","",COUNTIF(C8:G8,"Yes")/COLUMNS(C8:G8))
H9: =IF(A9="","",COUNTIF(C9:G9,"Yes")/COLUMNS(C9:G9))
H10: =IF(A10="","",COUNTIF(C10:G10,"Yes")/COLUMNS(C10:G10))
H11: =IF(A11="","",COUNTIF(C11:G11,"Yes")/COLUMNS(C11:G11))
H12: =IF(A12="","",COUNTIF(C12:G12,"Yes")/COLUMNS(C12:G12))
H13: =IF(A13="","",COUNTIF(C13:G13,"Yes")/COLUMNS(C13:G13))
H14: =IF(A14="","",COUNTIF(C14:G14,"Yes")/COLUMNS(C14:G14))
H15: =IF(A15="","",COUNTIF(C15:G15,"Yes")/COLUMNS(C15:G15))
H16: =IF(A16="","",COUNTIF(C16:G16,"Yes")/COLUMNS(C16:G16))
H17: =IF(A17="","",COUNTIF(C17:G17,"Yes")/COLUMNS(C17:G17))
H18: =IF(A18="","",COUNTIF(C18:G18,"Yes")/COLUMNS(C18:G18))
... H60: =IF(A60="","",COUNTIF(C60:G60,"Yes")/COLUMNS(C60:G60))

Sheet Attendance
A1: Emp ID | B1: Month | C1: Working Days | D1: Days Present | E1: Days Absent / On Leave | F1: Attendance %
A2: EMP001 | B2: 2026-07 | C2: 23 | D2: 22 | E2: =IF(A2="","",C2-D2) -> 1 | F2: =IF(A2="","",IF(C2>0,D2/C2,0)) -> 0.95652174
A3: EMP001 | B3: 2026-08 | C3: 21 | D3: 20 | E3: =IF(A3="","",C3-D3) -> 1 | F3: =IF(A3="","",IF(C3>0,D3/C3,0)) -> 0.95238095
A4: EMP001 | B4: 2026-09 | C4: 22 | D4: 21 | E4: =IF(A4="","",C4-D4) -> 1 | F4: =IF(A4="","",IF(C4>0,D4/C4,0)) -> 0.95454545
A5: EMP002 | B5: 2026-07 | C5: 23 | D5: 21 | E5: =IF(A5="","",C5-D5) -> 2 | F5: =IF(A5="","",IF(C5>0,D5/C5,0)) -> 0.91304348
A6: EMP002 | B6: 2026-08 | C6: 21 | D6: 19 | E6: =IF(A6="","",C6-D6) -> 2 | F6: =IF(A6="","",IF(C6>0,D6/C6,0)) -> 0.9047619
A7: EMP002 | B7: 2026-09 | C7: 22 | D7: 22 | E7: =IF(A7="","",C7-D7) -> 0 | F7: =IF(A7="","",IF(C7>0,D7/C7,0)) -> 1
A8: EMP003 | B8: 2026-07 | C8: 23 | D8: 23 | E8: =IF(A8="","",C8-D8) -> 0 | F8: =IF(A8="","",IF(C8>0,D8/C8,0)) -> 1
A9: EMP003 | B9: 2026-08 | C9: 21 | D9: 21 | E9: =IF(A9="","",C9-D9) -> 0 | F9: =IF(A9="","",IF(C9>0,D9/C9,0)) -> 1
A10: EMP003 | B10: 2026-09 | C10: 22 | D10: 22 | E10: =IF(A10="","",C10-D10) -> 0 | F10: =IF(A10="","",IF(C10>0,D10/C10,0)) -> 1
A11: EMP004 | B11: 2026-07 | C11: 23 | D11: 20 | E11: =IF(A11="","",C11-D11) -> 3 | F11: =IF(A11="","",IF(C11>0,D11/C11,0)) -> 0.86956522
A12: EMP004 | B12: 2026-08 | C12: 21 | D12: 20 | E12: =IF(A12="","",C12-D12) -> 1 | F12: =IF(A12="","",IF(C12>0,D12/C12,0)) -> 0.95238095
A13: EMP004 | B13: 2026-09 | C13: 22 | D13: 21 | E13: =IF(A13="","",C13-D13) -> 1 | F13: =IF(A13="","",IF(C13>0,D13/C13,0)) -> 0.95454545
... A31: EMP012 | B31: 2026-09 | C31: 22 | D31: 21 | E31: =IF(A31="","",C31-D31) -> 1 | F31: =IF(A31="","",IF(C31>0,D31/C31,0)) -> 0.95454545
E32: =IF(A32="","",C32-D32) | F32: =IF(A32="","",IF(C32>0,D32/C32,0))
E33: =IF(A33="","",C33-D33) | F33: =IF(A33="","",IF(C33>0,D33/C33,0))
E34: =IF(A34="","",C34-D34) | F34: =IF(A34="","",IF(C34>0,D34/C34,0))
E35: =IF(A35="","",C35-D35) | F35: =IF(A35="","",IF(C35>0,D35/C35,0))
E36: =IF(A36="","",C36-D36) | F36: =IF(A36="","",IF(C36>0,D36/C36,0))
E37: =IF(A37="","",C37-D37) | F37: =IF(A37="","",IF(C37>0,D37/C37,0))
E38: =IF(A38="","",C38-D38) | F38: =IF(A38="","",IF(C38>0,D38/C38,0))
E39: =IF(A39="","",C39-D39) | F39: =IF(A39="","",IF(C39>0,D39/C39,0))
E40: =IF(A40="","",C40-D40) | F40: =IF(A40="","",IF(C40>0,D40/C40,0))
E41: =IF(A41="","",C41-D41) | F41: =IF(A41="","",IF(C41>0,D41/C41,0))
E42: =IF(A42="","",C42-D42) | F42: =IF(A42="","",IF(C42>0,D42/C42,0))
E43: =IF(A43="","",C43-D43) | F43: =IF(A43="","",IF(C43>0,D43/C43,0))
... E90: =IF(A90="","",C90-D90) | F90: =IF(A90="","",IF(C90>0,D90/C90,0))

Sheet Payroll_Input
A1: Emp ID | B1: Month | C1: Basic (INR) | D1: HRA (INR) | E1: Allowances (INR) | F1: Deductions (INR) | G1: Gross (INR) | H1: Net Pay (INR) | I1: Validation Check | J1: Note
A2: EMP001 | B2: 2026-09 | C2: 16000 | D2: 6400 | E2: 1600 | F2: 1920 | G2: =IF(A2="","",SUM(C2:E2)) -> 24000 | H2: =IF(A2="","",G2-F2) -> 22080 | I2: =IF(A2="","",IF(OR(B2="",C2="",F2=""),"Missing data",IF(COUNTIF(Employees!$A$2:$A$60,A2)=0,"Unknown employee",IF(COUNTIFS($A$2:$A$60,A2,$B$2:$B$60,B2)>1,"Duplicate entry",IF(F2>G2,"Deductions exceed gross",IF(C2<Settings!$B$2*G2,"Basic below policy %","OK")))))) -> OK
A3: EMP002 | B3: 2026-09 | C3: 14000 | D3: 5600 | E3: 1400 | F3: 1680 | G3: =IF(A3="","",SUM(C3:E3)) -> 21000 | H3: =IF(A3="","",G3-F3) -> 19320 | I3: =IF(A3="","",IF(OR(B3="",C3="",F3=""),"Missing data",IF(COUNTIF(Employees!$A$2:$A$60,A3)=0,"Unknown employee",IF(COUNTIFS($A$2:$A$60,A3,$B$2:$B$60,B3)>1,"Duplicate entry",IF(F3>G3,"Deductions exceed gross",IF(C3<Settings!$B$2*G3,"Basic below policy %","OK")))))) -> OK
A4: EMP003 | B4: 2026-09 | C4: 27500 | D4: 11000 | E4: 2750 | F4: 3300 | G4: =IF(A4="","",SUM(C4:E4)) -> 41250 | H4: =IF(A4="","",G4-F4) -> 37950 | I4: =IF(A4="","",IF(OR(B4="",C4="",F4=""),"Missing data",IF(COUNTIF(Employees!$A$2:$A$60,A4)=0,"Unknown employee",IF(COUNTIFS($A$2:$A$60,A4,$B$2:$B$60,B4)>1,"Duplicate entry",IF(F4>G4,"Deductions exceed gross",IF(C4<Settings!$B$2*G4,"Basic below policy %","OK")))))) -> Duplicate entry
A5: EMP004 | B5: 2026-09 | C5: 18000 | D5: 7200 | E5: 1800 | F5: 2160 | G5: =IF(A5="","",SUM(C5:E5)) -> 27000 | H5: =IF(A5="","",G5-F5) -> 24840 | I5: =IF(A5="","",IF(OR(B5="",C5="",F5=""),"Missing data",IF(COUNTIF(Employees!$A$2:$A$60,A5)=0,"Unknown employee",IF(COUNTIFS($A$2:$A$60,A5,$B$2:$B$60,B5)>1,"Duplicate entry",IF(F5>G5,"Deductions exceed gross",IF(C5<Settings!$B$2*G5,"Basic below policy %","OK")))))) -> OK
A6: EMP006 | B6: 2026-09 | C6: 17000 | D6: 6800 | E6: 1700 | F6: 2040 | G6: =IF(A6="","",SUM(C6:E6)) -> 25500 | H6: =IF(A6="","",G6-F6) -> 23460 | I6: =IF(A6="","",IF(OR(B6="",C6="",F6=""),"Missing data",IF(COUNTIF(Employees!$A$2:$A$60,A6)=0,"Unknown employee",IF(COUNTIFS($A$2:$A$60,A6,$B$2:$B$60,B6)>1,"Duplicate entry",IF(F6>G6,"Deductions exceed gross",IF(C6<Settings!$B$2*G6,"Basic below policy %","OK")))))) -> OK
A7: EMP008 | B7: 2026-09 | C7: 21000 | D7: 8400 | E7: 2100 | F7: 2520 | G7: =IF(A7="","",SUM(C7:E7)) -> 31500 | H7: =IF(A7="","",G7-F7) -> 28980 | I7: =IF(A7="","",IF(OR(B7="",C7="",F7=""),"Missing data",IF(COUNTIF(Employees!$A$2:$A$60,A7)=0,"Unknown employee",IF(COUNTIFS($A$2:$A$60,A7,$B$2:$B$60,B7)>1,"Duplicate entry",IF(F7>G7,"Deductions exceed gross",IF(C7<Settings!$B$2*G7,"Basic below policy %","OK")))))) -> OK
A8: EMP009 | B8: 2026-09 | C8: 14500 | D8: 5800 | E8: 1450 | F8: 1740 | G8: =IF(A8="","",SUM(C8:E8)) -> 21750 | H8: =IF(A8="","",G8-F8) -> 20010 | I8: =IF(A8="","",IF(OR(B8="",C8="",F8=""),"Missing data",IF(COUNTIF(Employees!$A$2:$A$60,A8)=0,"Unknown employee",IF(COUNTIFS($A$2:$A$60,A8,$B$2:$B$60,B8)>1,"Duplicate entry",IF(F8>G8,"Deductions exceed gross",IF(C8<Settings!$B$2*G8,"Basic below policy %","OK")))))) -> OK
A9: EMP010 | B9: 2026-09 | C9: 22500 | D9: 9000 | E9: 2250 | F9: 2700 | G9: =IF(A9="","",SUM(C9:E9)) -> 33750 | H9: =IF(A9="","",G9-F9) -> 31050 | I9: =IF(A9="","",IF(OR(B9="",C9="",F9=""),"Missing data",IF(COUNTIF(Employees!$A$2:$A$60,A9)=0,"Unknown employee",IF(COUNTIFS($A$2:$A$60,A9,$B$2:$B$60,B9)>1,"Duplicate entry",IF(F9>G9,"Deductions exceed gross",IF(C9<Settings!$B$2*G9,"Basic below policy %","OK")))))) -> OK
A10: EMP011 | B10: 2026-09 | C10: 13500 | D10: 5400 | E10: 1350 | F10: 1620 | G10: =IF(A10="","",SUM(C10:E10)) -> 20250 | H10: =IF(A10="","",G10-F10) -> 18630 | I10: =IF(A10="","",IF(OR(B10="",C10="",F10=""),"Missing data",IF(COUNTIF(Employees!$A$2:$A$60,A10)=0,"Unknown employee",IF(COUNTIFS($A$2:$A$60,A10,$B$2:$B$60,B10)>1,"Duplicate entry",IF(F10>G10,"Deductions exceed gross",IF(C10<Settings!$B$2*G10,"Basic below policy %","OK")))))) -> OK
A11: EMP012 | B11: 2026-09 | C11: 16500 | D11: 6600 | E11: 1650 | F11: 1980 | G11: =IF(A11="","",SUM(C11:E11)) -> 24750 | H11: =IF(A11="","",G11-F11) -> 22770 | I11: =IF(A11="","",IF(OR(B11="",C11="",F11=""),"Missing data",IF(COUNTIF(Employees!$A$2:$A$60,A11)=0,"Unknown employee",IF(COUNTIFS($A$2:$A$60,A11,$B$2:$B$60,B11)>1,"Duplicate entry",IF(F11>G11,"Deductions exceed gross",IF(C11<Settings!$B$2*G11,"Basic below policy %","OK")))))) -> OK
A12: EMP003 | B12: 2026-09 | C12: 27500 | D12: 11000 | E12: 2750 | F12: 12000 | G12: =IF(A12="","",SUM(C12:E12)) -> 41250 | H12: =IF(A12="","",G12-F12) -> 29250 | I12: =IF(A12="","",IF(OR(B12="",C12="",F12=""),"Missing data",IF(COUNTIF(Employees!$A$2:$A$60,A12)=0,"Unknown employee",IF(COUNTIFS($A$2:$A$60,A12,$B$2:$B$60,B12)>1,"Duplicate entry",IF(F12>G12,"Deductions exceed gross",IF(C12<Settings!$B$2*G12,"Basic below policy %","OK")))))) -> Duplicate entry | J12: Test: duplicate Emp ID + Month
A13: EMP099 | B13: 2026-09 | C13: 15000 | D13: 6000 | E13: 1500 | F13: 1800 | G13: =IF(A13="","",SUM(C13:E13)) -> 22500 | H13: =IF(A13="","",G13-F13) -> 20700 | I13: =IF(A13="","",IF(OR(B13="",C13="",F13=""),"Missing data",IF(COUNTIF(Employees!$A$2:$A$60,A13)=0,"Unknown employee",IF(COUNTIFS($A$2:$A$60,A13,$B$2:$B$60,B13)>1,"Duplicate entry",IF(F13>G13,"Deductions exceed gross",IF(C13<Settings!$B$2*G13,"Basic below policy %","OK")))))) -> Unknown employee | J13: Test: unknown employee
A14: EMP004 | B14: 2026-08 | C14: 18000 | D14: 7200 | E14: 1800 | F14: 40000 | G14: =IF(A14="","",SUM(C14:E14)) -> 27000 | H14: =IF(A14="","",G14-F14) -> -13000 | I14: =IF(A14="","",IF(OR(B14="",C14="",F14=""),"Missing data",IF(COUNTIF(Employees!$A$2:$A$60,A14)=0,"Unknown employee",IF(COUNTIFS($A$2:$A$60,A14,$B$2:$B$60,B14)>1,"Duplicate entry",IF(F14>G14,"Deductions exceed gross",IF(C14<Settings!$B$2*G14,"Basic below policy %","OK")))))) -> Deductions exceed gross | J14: Test: deductions exceed gross
A15: EMP006 | B15: 2026-08 | D15: 6800 | E15: 1700 | F15: 2000 | G15: =IF(A15="","",SUM(C15:E15)) -> 8500 | H15: =IF(A15="","",G15-F15) -> 6500 | I15: =IF(A15="","",IF(OR(B15="",C15="",F15=""),"Missing data",IF(COUNTIF(Employees!$A$2:$A$60,A15)=0,"Unknown employee",IF(COUNTIFS($A$2:$A$60,A15,$B$2:$B$60,B15)>1,"Duplicate entry",IF(F15>G15,"Deductions exceed gross",IF(C15<Settings!$B$2*G15,"Basic below policy %","OK")))))) -> Missing data | J15: Test: basic missing
G16: =IF(A16="","",SUM(C16:E16)) | H16: =IF(A16="","",G16-F16) | I16: =IF(A16="","",IF(OR(B16="",C16="",F16=""),"Missing data",IF(COUNTIF(Employees!$A$2:$A$60,A16)=0,"Unknown employee",IF(COUNTIFS($A$2:$A$60,A16,$B$2:$B$60,B16)>1,"Duplicate entry",IF(F16>G16,"Deductions exceed gross",IF(C16<Settings!$B$2*G16,"Basic below policy %","OK"))))))
G17: =IF(A17="","",SUM(C17:E17)) | H17: =IF(A17="","",G17-F17) | I17: =IF(A17="","",IF(OR(B17="",C17="",F17=""),"Missing data",IF(COUNTIF(Employees!$A$2:$A$60,A17)=0,"Unknown employee",IF(COUNTIFS($A$2:$A$60,A17,$B$2:$B$60,B17)>1,"Duplicate entry",IF(F17>G17,"Deductions exceed gross",IF(C17<Settings!$B$2*G17,"Basic below policy %","OK"))))))
G18: =IF(A18="","",SUM(C18:E18)) | H18: =IF(A18="","",G18-F18) | I18: =IF(A18="","",IF(OR(B18="",C18="",F18=""),"Missing data",IF(COUNTIF(Employees!$A$2:$A$60,A18)=0,"Unknown employee",IF(COUNTIFS($A$2:$A$60,A18,$B$2:$B$60,B18)>1,"Duplicate entry",IF(F18>G18,"Deductions exceed gross",IF(C18<Settings!$B$2*G18,"Basic below policy %","OK"))))))
G19: =IF(A19="","",SUM(C19:E19)) | H19: =IF(A19="","",G19-F19) | I19: =IF(A19="","",IF(OR(B19="",C19="",F19=""),"Missing data",IF(COUNTIF(Employees!$A$2:$A$60,A19)=0,"Unknown employee",IF(COUNTIFS($A$2:$A$60,A19,$B$2:$B$60,B19)>1,"Duplicate entry",IF(F19>G19,"Deductions exceed gross",IF(C19<Settings!$B$2*G19,"Basic below policy %","OK"))))))
G20: =IF(A20="","",SUM(C20:E20)) | H20: =IF(A20="","",G20-F20) | I20: =IF(A20="","",IF(OR(B20="",C20="",F20=""),"Missing data",IF(COUNTIF(Employees!$A$2:$A$60,A20)=0,"Unknown employee",IF(COUNTIFS($A$2:$A$60,A20,$B$2:$B$60,B20)>1,"Duplicate entry",IF(F20>G20,"Deductions exceed gross",IF(C20<Settings!$B$2*G20,"Basic below policy %","OK"))))))
G21: =IF(A21="","",SUM(C21:E21)) | H21: =IF(A21="","",G21-F21) | I21: =IF(A21="","",IF(OR(B21="",C21="",F21=""),"Missing data",IF(COUNTIF(Employees!$A$2:$A$60,A21)=0,"Unknown employee",IF(COUNTIFS($A$2:$A$60,A21,$B$2:$B$60,B21)>1,"Duplicate entry",IF(F21>G21,"Deductions exceed gross",IF(C21<Settings!$B$2*G21,"Basic below policy %","OK"))))))
G22: =IF(A22="","",SUM(C22:E22)) | H22: =IF(A22="","",G22-F22) | I22: =IF(A22="","",IF(OR(B22="",C22="",F22=""),"Missing data",IF(COUNTIF(Employees!$A$2:$A$60,A22)=0,"Unknown employee",IF(COUNTIFS($A$2:$A$60,A22,$B$2:$B$60,B22)>1,"Duplicate entry",IF(F22>G22,"Deductions exceed gross",IF(C22<Settings!$B$2*G22,"Basic below policy %","OK"))))))
G23: =IF(A23="","",SUM(C23:E23)) | H23: =IF(A23="","",G23-F23) | I23: =IF(A23="","",IF(OR(B23="",C23="",F23=""),"Missing data",IF(COUNTIF(Employees!$A$2:$A$60,A23)=0,"Unknown employee",IF(COUNTIFS($A$2:$A$60,A23,$B$2:$B$60,B23)>1,"Duplicate entry",IF(F23>G23,"Deductions exceed gross",IF(C23<Settings!$B$2*G23,"Basic below policy %","OK"))))))
G24: =IF(A24="","",SUM(C24:E24)) | H24: =IF(A24="","",G24-F24) | I24: =IF(A24="","",IF(OR(B24="",C24="",F24=""),"Missing data",IF(COUNTIF(Employees!$A$2:$A$60,A24)=0,"Unknown employee",IF(COUNTIFS($A$2:$A$60,A24,$B$2:$B$60,B24)>1,"Duplicate entry",IF(F24>G24,"Deductions exceed gross",IF(C24<Settings!$B$2*G24,"Basic below policy %","OK"))))))
G25: =IF(A25="","",SUM(C25:E25)) | H25: =IF(A25="","",G25-F25) | I25: =IF(A25="","",IF(OR(B25="",C25="",F25=""),"Missing data",IF(COUNTIF(Employees!$A$2:$A$60,A25)=0,"Unknown employee",IF(COUNTIFS($A$2:$A$60,A25,$B$2:$B$60,B25)>1,"Duplicate entry",IF(F25>G25,"Deductions exceed gross",IF(C25<Settings!$B$2*G25,"Basic below policy %","OK"))))))
G26: =IF(A26="","",SUM(C26:E26)) | H26: =IF(A26="","",G26-F26) | I26: =IF(A26="","",IF(OR(B26="",C26="",F26=""),"Missing data",IF(COUNTIF(Employees!$A$2:$A$60,A26)=0,"Unknown employee",IF(COUNTIFS($A$2:$A$60,A26,$B$2:$B$60,B26)>1,"Duplicate entry",IF(F26>G26,"Deductions exceed gross",IF(C26<Settings!$B$2*G26,"Basic below policy %","OK"))))))
G27: =IF(A27="","",SUM(C27:E27)) | H27: =IF(A27="","",G27-F27) | I27: =IF(A27="","",IF(OR(B27="",C27="",F27=""),"Missing data",IF(COUNTIF(Employees!$A$2:$A$60,A27)=0,"Unknown employee",IF(COUNTIFS($A$2:$A$60,A27,$B$2:$B$60,B27)>1,"Duplicate entry",IF(F27>G27,"Deductions exceed gross",IF(C27<Settings!$B$2*G27,"Basic below policy %","OK"))))))
... G60: =IF(A60="","",SUM(C60:E60)) | H60: =IF(A60="","",G60-F60) | I60: =IF(A60="","",IF(OR(B60="",C60="",F60=""),"Missing data",IF(COUNTIF(Employees!$A$2:$A$60,A60)=0,"Unknown employee",IF(COUNTIFS($A$2:$A$60,A60,$B$2:$B$60,B60)>1,"Duplicate entry",IF(F60>G60,"Deductions exceed gross",IF(C60<Settings!$B$2*G60,"Basic below policy %","OK"))))))

Sheet Settings
A1: Setting | B1: Value
A2: Minimum Basic as % of Gross (policy) | B2: 0.4
A3: Assumption: 40% is a placeholder. Set per your company's salary-structure policy.
